name,price
A Light in the Attic,￥443.741378
Tipping the Velvet,￥460.627036
Soumission,￥429.427140
Sharp Objects,￥409.884348
Sapiens: A Brief History of Humankind,￥464.827022
The Requiem Red,￥194.142210
The Dirty Little Secrets of Getting Your Dream Job,￥285.770476
"The Coming Woman: A Novel Based on the Life of the Infamous Feminist, Victoria Woodhull",￥153.685202
The Boys in the Boat: Nine Americans and Their Epic Quest for Gold at the 1936 Berlin Olympics,￥193.713640
The Black Maria,￥446.998510
"Starving Hearts (Triangular Trade Trilogy, #1)",￥119.913886
Shakespeare's Sonnets,￥177.085124
Set Me Free,￥149.656644
Scott Pilgrim's Precious Little Life (Scott Pilgrim #1),￥448.198506
Rip it Up and Start Again,￥300.170428
"Our Band Could Be Your Life: Scenes from the American Indie Underground, 1981-1991",￥490.712650
Olio,￥204.685032
Mesaerion: The Best Science Fiction Stories 1800-1849,￥322.198926
Libertarianism for Beginners,￥439.969962
It's Only the Himalayas,￥387.170138
In Her Wake,￥110.056776
How Music Works,￥319.884648
"Foolproof Preserving: A Guide to Small Batch Jams, Jellies, Pickles, Condiments, and More: A Foolproof Guide to Making Small Batch Jams, Jellies, Pickles, Condiments, and More",￥261.599128
Chase Me (Paris Nights #2),￥216.599278
Black Dust,￥295.970442
Birdsong: A Story in Pictures,￥468.341296
America's Cradle of Quarterbacks: Western Pennsylvania's Football Factory from Johnny Unitas to Joe Montana,￥192.856500
Aladdin and His Wonderful Lamp,￥455.398482
Worlds Elsewhere: Journeys Around Shakespeare’s Globe,￥345.427420
Wall and Piece,￥378.684452
The Four Agreements: A Practical Guide to Personal Freedom,￥151.370924
The Five Love Languages: How to Express Heartfelt Commitment to Your Mate,￥266.141970
The Elephant Tree,￥204.170748
The Bear and the Piano,￥316.198946
Sophie's World,￥136.628116
Penny Maybe,￥285.341906
Maude (1883-1993):She Grew Up with the country,￥154.456628
"In a Dark, Dark Wood",￥168.256582
Behind Closed Doors,￥447.598508
You can't bury them all: Poems,￥288.256182
Slow States of Collapse: Poems,￥491.226934
Reasons to Stay Alive,￥226.370674
Private Paris (Private #10),￥408.084354
#HigherSelfie: Wake Up Your Life. Free Your Soul. Find Your Tribe.,￥198.085054
Without Borders (Wanderlove #1),￥386.312998
When We Collided,￥272.313378
"We Love You, Charlie Freeman",￥430.884278
Untitled Collection: Sabbath Poems 2014,￥122.313878
"Unseen City: The Majesty of Pigeons, the Discreet Charm of Snails & Other Wonders of the Urban Wilderness",￥378.684452
Unicorn Tracks,￥160.970892
"Unbound: How Eight Technologies Made Us Human, Transformed Society, and Brought Our World to the Brink",￥218.742128
Tsubasa: WoRLD CHRoNiCLE 2 (Tsubasa WoRLD CHRoNiCLE #2),￥139.542392
Throwing Rocks at the Google Bus: How Growth Became the Enemy of Prosperity,￥266.741968
This One Summer,￥167.056586
Thirst,￥148.028078
The Torch Is Passed: A Harding Family Story,￥163.628026
The Secret of Dreadwillow Carse,￥481.112682
"The Pioneer Woman Cooks: Dinnertime: Comfort Classics, Freezer Food, 16-Minute Meals, and Other Delicious Ways to Solve Supper!",￥483.512674
The Past Never Ends,￥484.284100
The Natural History of Us (The Fine Art of Pretending #2),￥387.598708
The Nameless City (The Nameless City #1),￥327.084624
The Murder That Never Was (Forensic Instincts #5),￥463.798454
The Most Perfect Thing: Inside (and Outside) a Bird's Egg,￥368.227344
"The Mindfulness and Acceptance Workbook for Anxiety: A Guide to Breaking Free from Anxiety, Phobias, and Worry Using Acceptance and Commitment Therapy",￥204.770746
The Life-Changing Magic of Tidying Up: The Japanese Art of Decluttering and Organizing,￥143.742378
"The Inefficiency Assassin: Time Management Tactics for Working Smarter, Not Longer",￥176.485126
The Gutsy Girl: Escapades for Your Life of Epic Adventure,￥318.256082
The Electric Pencil: Drawings from Inside State Hospital No. 3,￥480.512684
The Death of Humanity: and the Case for Life,￥498.084054
"The Bulletproof Diet: Lose up to a Pound a Day, Reclaim Energy and Focus, Upgrade Your Life",￥420.427170
The Art Forger,￥349.370264
The Age of Genius: The Seventeenth Century and the Birth of the Modern Mind,￥169.113722
The Activist's Tao Te Ching: Ancient Advice for a Modern Revolution,￥276.341936
Spark Joy: An Illustrated Master Class on the Art of Organizing and Tidying Up,￥358.541662
Soul Reader,￥339.256012
Security,￥336.427450
"Saga, Volume 6 (Saga (Collected Editions) #6)",￥214.456428
"Saga, Volume 5 (Saga (Collected Editions) #5)",￥437.484256
Reskilling America: Learning to Labor in the Twenty-First Century,￥169.970862
"Rat Queens, Vol. 3: Demons (Rat Queens (Collected Editions) #11-15)",￥431.998560
"Princess Jellyfish 2-in-1 Omnibus, Vol. 01 (Princess Jellyfish 2-in-1 Omnibus #1)",￥116.656754
Princess Between Worlds (Wide-Awake Princess #5),￥114.342476
"Pop Gun War, Volume 1: Gift",￥162.599458
"Political Suicide: Missteps, Peccadilloes, Bad Calls, Backroom Hijinx, Sordid Pasts, Rotten Breaks, and Just Plain Dumb Mistakes in the Annals of American Politics",￥310.970392
Patience,￥87.085424
"Outcast, Vol. 1: A Darkness Surrounds Him (Outcast #1)",￥132.342416
orange: The Complete Collection 1 (orange: The Complete Collection #1),￥414.941474
Online Marketing for Busy Authors: A Step-By-Step Guide,￥397.284390
On a Midnight Clear,￥120.599598
Obsidian (Lux #1),￥127.371004
My Paris Kitchen: Recipes and Stories,￥286.027618
Masks and Shadows,￥483.426960
"Mama Tried: Traditional Italian Cooking for the Screwed, Crude, Vegan, and Tattooed",￥120.171028
"Lumberjanes, Vol. 2: Friendship to the Max (Lumberjanes #5-8)",￥402.084374
"Lumberjanes, Vol. 1: Beware the Kitten Holy (Lumberjanes #1-4)",￥390.941554
Lumberjanes Vol. 3: A Terrible Plan (Lumberjanes #9-12),￥170.742288
"Layered: Baking, Building, and Styling Spectacular Cakes",￥343.798854
Judo: Seven Steps to Black Belt (an Introductory Guide for Beginners),￥461.998460
Join,￥305.741838
In the Country We Love: My Family Divided,￥188.570800
Immunity: How Elie Metchnikoff Changed the Course of Modern Medicine,￥491.655504
"I Hate Fairyland, Vol. 1: Madly Ever After (I Hate Fairyland (Compilations) #1-5)",￥250.027738
I am a Hero Omnibus Volume 1,￥468.255582
How to Be Miserable: 40 Strategies You Already Use,￥394.541542
Her Backup Boyfriend (The Sorensen Family #1),￥291.170458
"Giant Days, Vol. 2 (Giant Days #5-8)",￥189.513654
Forever and Forever: The Courtship of Henry Longfellow and Fanny Appleton,￥254.484866
First and First (Five Boroughs #3),￥136.885258
Fifty Shades Darker (Fifty Shades #2),￥188.227944
Everydata: The Misinformation Hidden in the Little Data You Consume Every Day,￥465.855590
"Don't Be a Jerk: And Other Practical Advice from Dogen, Japan's Greatest Zen Master",￥325.456058
Danganronpa Volume 1,￥445.627086
Crown of Midnight (Throne of Glass #2),￥371.055906
"Codename Baboushka, Volume 1: The Conclave of Death",￥314.741808
Camp Midnight,￥146.399512
Call the Nurse: True Stories of a Country Nurse on a Scottish Isle,￥249.770596
Burning,￥246.942034
Bossypants,￥423.941444
"Bitch Planet, Vol. 1: Extraordinary Machine (Bitch Planet (Collected Editions))",￥325.027488
"Avatar: The Last Airbender: Smoke and Shadow, Part 3 (Smoke and Shadow #3)",￥240.770626
Algorithms to Live By: The Computer Science of Human Decisions,￥264.084834
A World of Flavor: Your Gluten Free Passport,￥368.141630
"A Piece of Sky, a Grain of Rice: A Memoir in Four Meditations",￥486.512664
A Murder in Time,￥142.628096
A Flight of Arrows (The Pathfinders #2),￥475.969842
A Fierce and Subtle Poison,￥241.113482
A Court of Thorns and Roses (A Court of Thorns and Roses #1),￥448.884218
(Un)Qualified: How God Uses Broken People to Do Big Things,￥462.855600
You Are What You Love: The Spiritual Power of Habit,￥187.456518
"William Shakespeare's Star Wars: Verily, A New Hope (William Shakespeare's Star Wars #4)",￥371.141620
Tuesday Nights in 1980,￥180.342256
Tracing Numbers on a Train,￥356.570240
Throne of Glass (Throne of Glass #1),￥300.598998
Thomas Jefferson and the Tripoli Pirates: The Forgotten War That Changed American History,￥511.198296
Thirteen Reasons Why,￥451.884208
The White Cat and the Monk: A Retelling of the Poem “Pangur Bán”,￥497.826912
The Wedding Dress,￥206.742168
The Vacationers,￥361.284510
The Third Wave: An Entrepreneur’s Vision of the Future,￥108.085354
The Stranger,￥149.485216
The Shadow Hero (The Shadow Hero),￥284.056196
The Secret (The Secret #1),￥234.599218
The Regional Office Is Under Attack!,￥440.227104
The Psychopath Test: A Journey Through the Madness Industry,￥308.570400
The Project,￥91.285410
The Power of Now: A Guide to Spiritual Enlightenment,￥373.198756
The Omnivore's Dilemma: A Natural History of Four Meals,￥327.513194
The Nerdy Nummies Cookbook: Sweet Treats for the Geek in All of Us,￥320.056076
The Murder of Roger Ackroyd (Hercule Poirot #4),￥377.998740
The Mistake (Off-Campus #2),￥371.055906
The Matchmaker's Playbook (Wingmen Inc. #1),￥478.712690
The Love and Lemons Cookbook: An Apple-to-Zucchini Celebration of Impromptu Cooking,￥322.284640
The Long Shadow of Small Ghosts: Murder and Memory in an American City,￥94.028258
The Kite Runner,￥358.455948
The House by the Lake,￥316.713230
The Glittering Court (The Glittering Court #1),￥379.541592
The Girl on the Train,￥471.598428
The Genius of Birds,￥147.770936
The Emerald Mystery,￥198.427910
The Cookies & Cups Cookbook: 125+ sweet & savory recipes reminding you to Always Eat Dessert First,￥353.570250
The Bridge to Consciousness: I'm Writing the Bridge Between Science and Our Old and New Beliefs.,￥274.284800
The Artist's Way: A Spiritual Path to Higher Creativity,￥329.913186
The Art of War,￥285.770476
The Argonauts,￥93.685402
The 10% Entrepreneur: Live Your Startup Dream Without Quitting Your Day Job,￥236.142070
Suddenly in Love (Lake Haven #1),￥479.912686
Something More Than This,￥139.199536
Soft Apocalypse,￥223.884968
So You've Been Publicly Shamed,￥104.828222
Shoe Dog: A Memoir by the Creator of NIKE,￥205.627886
"Shobu Samurai, Project Aryoku (#3)",￥249.084884
Secrets and Lace (Fatal Hearts #1),￥173.742278
Scarlett Epstein Hates It Here,￥373.284470
Romero and Juliet: A Tragic Tale of Love and Zombies,￥316.627516
Redeeming Love,￥175.456558
Poses for Artists Volume 1 - Dynamic and Sitting Poses: An Essential Reference for Figure Drawing and the Human Form,￥351.941684
Poems That Make Grown Women Cry,￥121.628166
"Nightingale, Sing",￥328.113192
Night Sky with Exit Wounds,￥351.855970
Mrs. Houdini,￥259.284850
Modern Romance,￥242.227764
Miss Peregrine’s Home for Peculiar Children (Miss Peregrine’s Peculiar Children #1),￥92.228264
Louisa: The Extraordinary Life of Mrs. Adams,￥144.428090
Little Red,￥115.456758
Library of Souls (Miss Peregrine’s Peculiar Children #3),￥416.227184
Large Print Heart of the Pride,￥164.142310
I Had a Nice Time And Other Lies...: How to find love & sh*t like that,￥491.655504
Hollow City (Miss Peregrine’s Peculiar Children #2),￥368.398772
Grumbles,￥189.942224
Full Moon over Noah’s Ark: An Odyssey to Mount Ararat and Beyond,￥423.684302
Frostbite (Vampire Academy #2),￥257.056286
Follow You Home,￥183.085104
First Steps for New Christians (Print Edition),￥248.570600
Finders Keepers (Bill Hodges Trilogy #2),￥458.827042
"Fables, Vol. 1: Legends in Exile (Fables #1)",￥356.741668
Eureka Trivia 6.0,￥467.912726
Drive: The Surprising Truth About What Motivates Us,￥299.570430
Done Rubbed Out (Reightman & Bailey #1),￥323.313208
Doing It Over (Most Likely To #1),￥305.227554
"Deliciously Ella Every Day: Quick and Easy Recipes for Gluten-Free Snacks, Packed Lunches, and Simple Meals",￥361.370224
Dark Notes,￥164.485166
"Daring Greatly: How the Courage to Be Vulnerable Transforms the Way We Live, Love, Parent, and Lead",￥166.542302
Close to You,￥423.941444
Chasing Heaven: What Dying Taught Me About Living,￥323.998920
Big Magic: Creative Living Beyond Fear,￥263.999120
Becoming Wise: An Inquiry into the Mystery and Art of Living,￥235.113502
Beauty Restored (Riley Family Legacy Novellas #3),￥95.228254
Batman: The Long Halloween (Batman),￥312.856100
Batman: The Dark Knight Returns (Batman),￥131.828132
Ayumi's Violin,￥132.685272
Anonymous,￥401.312948
Amy Meets the Saints and Sages,￥158.228044
Amid the Chaos,￥313.541812
Amatus,￥433.198556
Agnostic: A Spirited Manifesto,￥107.228214
Zealot: The Life and Times of Jesus of Nazareth,￥211.713580
You (You #1),￥373.798754
"Wonder Woman: Earth One, Volume One (Wonder Woman: Earth One #1)",￥320.056076
Wild Swans,￥123.085304
Why the Right Went Wrong: Conservatism--From Goldwater to the Tea Party and Beyond,￥451.284210
Whole Lotta Creativity Going On: 60 Fun and Unusual Exercises to Awaken and Strengthen Your Creativity,￥327.427480
What's It Like in Space?: Stories from Astronauts Who've Been There,￥167.999440
"We Are Robin, Vol. 1: The Vigilante Business (We Are Robin #1)",￥461.998460
Walt Disney's Alice in Wonderland,￥111.085344
V for Vendetta (V for Vendetta Complete),￥317.998940
Until Friday Night (The Field Party #1),￥396.941534
"Unbroken: A World War II Story of Survival, Resilience, and Redemption",￥393.855830
Twenty Yawns,￥189.256512
Through the Woods,￥217.542132
This Is Where It Ends,￥232.456368
The Year of Magical Thinking,￥368.913056
The Wright Brothers,￥486.855520
The White Queen (The Cousins' War #1),￥222.084974
The Wedding Pact (The O'Malleys #2),￥279.513354
The Time Keeper,￥238.970632
The Testament of Mary,￥451.455638
The Star-Touched Queen,￥394.455828
The Songs of the Gods,￥381.255872
The Song of Achilles,￥320.570360
The Rosie Project (Don Tillman #1),￥463.198456
The Power of Habit: Why We Do What We Do in Life and Business,￥144.685232
The Marriage of Opposites,￥240.684912
The Lucifer Effect: Understanding How Good People Turn Evil,￥89.142560
The Long Haul (Diary of a Wimpy Kid #9),￥377.741598
The Loney,￥200.570760
The Literature Book (Big Ideas Simply Explained),￥149.399502
The Last Mile (Amos Decker #2),￥464.655594
The Immortal Life of Henrietta Lacks,￥348.598838
The Hidden Oracle (The Trials of Apollo #1),￥447.941364
The Help Yourself Cookbook for Kids: 60 Easy Plant-Based Recipes Kids Can Make to Stay Healthy and Save the Earth,￥246.599178
The Guilty (Will Robie #4),￥118.456748
The First Hostage (J.B. Collins #2),￥221.570690
The Dovekeepers,￥418.112892
The Darkest Lie,￥302.998990
The Bane Chronicles (The Bane Chronicles #1-11),￥383.398722
The Bad-Ass Librarians of Timbuktu: And Their Race to Save the World’s Most Precious Manuscripts,￥135.170978
The 14th Colony (Cotton Malone #11),￥336.341736
That Darkness (Gardiner and Renner #1),￥119.313888
Tastes Like Fear (DI Marnie Rome #3),￥91.628266
Take Me with You,￥387.512994
Swell: A Year of Waves,￥390.684412
Superman Vol. 1: Before Truth (Superman by Gene Luen Yang #1),￥101.913946
Still Life with Bread Crumbs,￥226.370674
Steve Jobs,￥338.570300
Sorting the Beef from the Bull: The Science of Food Fraud Forensics,￥383.484436
Someone Like You (The Harrisons #2),￥452.484206
"So Cute It Hurts!!, Vol. 6 (So Cute It Hurts!! #6)",￥303.684702
Shtum,￥478.626976
See America: A Celebration of Our National Parks & Treasured Sites,￥418.884318
salt.,￥400.970092
Robin War,￥409.884348
"Red Hood/Arsenal, Vol. 1: Open for Business (Red Hood/Arsenal #1)",￥218.399272
Rain Fish,￥202.027898
"Quarter Life Poetry: Poems for the Young, Broke and Hangry",￥436.198546
Pet Sematary,￥90.513984
"Overload: How to Unplug, Unwind, and Unleash Yourself from the Pressure of Stress",￥446.998510
Once Was a Time,￥156.685192
Old School (Diary of a Wimpy Kid #10),￥101.399662
No Dream Is Too High: Life Lessons From a Man Who Walked on the Moon,￥188.142230
"Naruto (3-in-1 Edition), Vol. 14: Includes Vols. 40, 41 & 42 (Naruto: Omnibus #14)",￥329.056046
My Name Is Lucy Barton,￥356.227384
My Mrs. Brown,￥209.827872
My Kind of Crazy,￥345.941704
Mr. Mercedes (Bill Hodges Trilogy #1),￥247.713460
More Than Music (Chasing the Dream #1),￥322.370354
Made to Stick: Why Some Ideas Survive and Others Die,￥332.998890
Luis Paints the World,￥462.427030
Luckiest Girl Alive,￥427.112862
Lowriders to the Center of the Earth (Lowriders in Space #2),￥441.512814
Love Is a Mix Tape (Music #1),￥154.542342
Looking for Lovely: Collecting the Moments that Matter,￥249.770596
"Living Leadership by Insight: A Good Leader Achieves, a Great Leader Builds Monuments",￥402.084374
Let It Out: A Journey Through Journaling,￥229.627806
Lady Midnight (The Dark Artifices #1),￥139.542392
"It's All Easy: Healthy, Delicious Weeknight Meals in under 30 Minutes",￥167.570870
Island of Dragons (Unwanteds #7),￥254.142010
I Know What I'm Doing -- and Other Lies I Tell Myself: Dispatches from a Life Under Construction,￥222.684972
I Am Pilgrim (Pilgrim #1),￥90.856840
"Hyperbole and a Half: Unfortunate Situations, Flawed Coping Mechanisms, Mayhem, and Other Things That Happened",￥126.428150
"Hush, Hush (Hush, Hush #1)",￥403.027228
Hold Your Breath (Search and Rescue #1),￥247.027748
Hamilton: The Revolution,￥503.912606
Greek Mythic History,￥87.685422
God: The Most Unpleasant Character in All Fiction,￥257.399142
Glory over Everything: Beyond The Kitchen House,￥392.912976
Feathers: Displays of Brilliant Plumage,￥420.427170
"Far & Away: Places on the Brink of Change: Seven Continents, Twenty-Five Years",￥129.085284
Every Last Word,￥398.312958
Eligible (The Austen Project #4),￥232.199226
El Deafo,￥493.884068
Eight Hundred Grapes,￥123.342446
"Eaternity: More than 150 Deliciously Easy Vegan Recipes for a Long, Healthy, Satisfied, Joyful Life",￥443.569950
"Eat Fat, Get Thin",￥463.455598
Don't Get Caught,￥474.426990
Doctor Sleep (The Shining #2),￥343.884568
Demigods & Magicians: Percy and Annabeth Meet the Kanes (Percy Jackson & Kane Chronicles Crossover #1-3),￥321.513214
Dear Mr. Knightley,￥96.085394
Daily Fantasy Sports,￥313.541812
Crazy Love: Overwhelmed by a Relentless God,￥409.027208
Cometh the Hour (The Clifton Chronicles #6),￥214.370714
Code Name Verity (Code Name Verity #1),￥189.685082
Clockwork Angel (The Infernal Devices #1),￥378.341596
City of Glass (The Mortal Instruments #3),￥480.169828
City of Fallen Angels (The Mortal Instruments #4),￥96.256822
City of Bones (The Mortal Instruments #1),￥370.970192
City of Ashes (The Mortal Instruments #2),￥405.170078
Cell,￥173.913706
Catching Jordan (Hundred Oaks),￥435.684262
"Carry On, Warrior: Thoughts on Life Unarmed",￥272.999090
Carrie,￥396.255822
Buying In: The Secret Dialogue Between What We Buy and Who We Are,￥323.998920
Brain on Fire: My Month of Madness,￥422.741448
Batman: Europa,￥274.370514
Barefoot Contessa Back to Basics,￥240.084914
Barefoot Contessa at Home: Everyday Recipes You'll Make Over and Over Again,￥433.884268
Balloon Animals,￥145.970942
Art Ops Vol. 1,￥418.284320
Aristotle and Dante Discover the Secrets of the Universe (Aristotle and Dante Discover the Secrets of the Universe #1),￥498.341196
Angels Walking (Angels Walking #1),￥293.141880
Angels & Demons (Robert Langdon #1),￥441.255672
All the Light We Cannot See,￥256.027718
"Adulthood Is a Myth: A ""Sarah's Scribbles"" Collection",￥93.428260
Abstract City,￥483.169818
A Time of Torment (Charlie Parker #14),￥414.427190
A Study in Scarlet (Sherlock Holmes #1),￥143.399522
"A Series of Catastrophes and Miracles: A True Story of Love, Science, and Cancer",￥484.112672
A People's History of the United States,￥349.627406
A Man Called Ove,￥340.456008
A Distant Mirror: The Calamitous 14th Century,￥124.971012
A Brush of Wings (Angels Walking #3),￥475.798414
1491: New Revelations of the Americas Before Columbus,￥186.856520
"The Three Searches, Meaning, and the Story",￥114.256762
Searching for Meaning in Gailana,￥331.970322
Rook,￥324.513204
My Kitchen Year: 136 Recipes That Saved My Life,￥98.828242
13 Hours: The Inside Account of What Really Happened In Benghazi,￥231.942084
Will You Won't You Want Me?,￥118.799604
Tipping Point for Planet Earth: How Close Are We to the Edge?,￥321.856070
The Star-Touched Queen,￥276.856220
The Silent Sister (Riley MacPherson #1),￥396.770106
The Midnight Watch: A Novel of the Titanic and the Californian,￥224.570680
The Lonely City: Adventures in the Art of Being Alone,￥285.084764
The Gray Rhino: How to Recognize and Act on the Obvious Dangers We Ignore,￥506.998310
The Golden Condom: And Other Essays on Love Lost and Found,￥337.970302
The Epidemic (The Program 0.6),￥123.771016
The Dinner Party,￥484.626956
The Diary of a Young Girl,￥513.426860
The Children,￥101.828232
Stars Above (The Lunar Chronicles #4.5),￥411.855770
Snatched: How A Drug Queen Went Undercover for the DEA and Was Kidnapped By Colombian Guerillas,￥181.799394
Raspberry Pi Electronics Projects for the Evil Genius,￥425.741438
Quench Your Own Thirst: Business Lessons Learned Over a Beer or Two,￥369.770196
Psycho: Sanitarium (Psycho #1.5),￥316.884658
Poisonous (Max Revere Novels #3),￥229.713520
One with You (Crossfire #5),￥134.656694
No Love Allowed (Dodge Cove #1),￥468.427010
Murder at the 42nd Street Library (Raymond Ambler #1),￥465.941304
Most Wanted,￥302.398992
"Love, Lies and Spies",￥176.142270
How to Speak Golf: An Illustrated Guide to Links Lingo,￥499.884048
Hide Away (Eve Duncan #20),￥101.485376
Furiously Happy: A Funny Book About Horrible Things,￥355.370244
Everyday Italian: 125 Simple and Delicious Recipes,￥172.285140
Equal Is Unfair: America's Misguided Fight Against Income Inequality,￥487.369804
Eleanor & Park,￥484.369814
Dirty (Dive Bar #1),￥349.970262
Can You Keep a Secret? (Fear Street Relaunch #4),￥416.912896
Boar Island (Anna Pigeon #19),￥509.826872
A Paris Apartment,￥334.370314
"A la Mode: 120 Recipes in 60 Pairings: Pies, Tarts, Cakes, Crisps, and More Topped with Ice Cream, Gelato, Frozen Custard, and More",￥332.313178
Troublemaker: Surviving Hollywood and Scientology,￥414.770046
The Widow,￥233.656364
"The Sleep Revolution: Transforming Your Life, One Night at a Time",￥100.113952
The Improbability of Love,￥509.569730
The Art of Startup Fundraising,￥179.999400
Take Me Home Tonight (Rock Star Romance #3),￥462.684172
Sleeping Giants (Themis Files #1),￥417.770036
"Setting the World on Fire: The Brief, Astonishing Life of St. Catherine of Siena",￥181.285110
Playing with Fire,￥117.513894
Off the Hook (Fishing for Trouble #1),￥408.598638
Mothering Sunday,￥114.342476
"Mother, Can You Not?",￥144.770946
M Train,￥232.970652
Lilac Girls,￥148.113792
Lies and Other Acts of Love,￥386.912996
Lab Girl,￥350.141690
Keep Me Posted,￥175.370844
It Didn't Start with You: How Inherited Family Trauma Shapes Who We Are and How to End the Cycle,￥482.312678
Grey (Fifty Shades #4),￥415.627186
"Exit, Pursued by a Bear",￥440.055676
Daredevils,￥140.056676
Cravings: Recipes for What You Want to Eat,￥175.713700
Born for This: How to Find the Work You Were Meant to Do,￥185.056526
Arena,￥183.085104
Adultery,￥178.970832
A Mother's Reckoning: Living in the Aftermath of Tragedy,￥167.399442
A Gentleman's Position (Society of Gentlemen #3),￥126.428150
11/22/63,￥415.541472
"10% Happier: How I Tamed the Voice in My Head, Reduced Stress Without Losing My Edge, and Found Self-Help That Actually Works",￥210.599298
10-Day Green Smoothie Cleanse: Lose Up to 15 Pounds in 10 Days!,￥426.084294
Without Shame,￥413.741478
Watchmen,￥497.569770
Unlimited Intuition Now,￥504.598318
Underlying Notes,￥101.313948
The Shack,￥240.256342
The New Brand You: Your New Image Makes the Sale for You,￥377.570170
"The Moosewood Cookbook: Recipes from Moosewood Restaurant, Ithaca, New York",￥105.771076
The Flowers Lied,￥142.970952
"The Fabric of the Cosmos: Space, Time, and the Texture of Reality",￥479.226974
The Book of Mormon,￥210.599298
The Art and Science of Low Carbohydrate Living,￥454.112772
The Alien Club,￥466.284160
Suzie Snowflake: One beautiful flake (a self-esteem story),￥469.798434
Nap-a-Roo,￥214.970712
"NaNo What Now? Finding your editing process, revising your NaNoWriMo book and building a writing career through publishing and beyond",￥89.228274
Modern Day Fables,￥406.627216
If I Gave You God's Phone Number....: Searching for Spirituality in America,￥179.227974
"Fruits Basket, Vol. 9 (Fruits Basket #9)",￥290.999030
Dress Your Family in Corduroy and Denim,￥374.398752
Don't Forget Steven,￥284.827622
Chernobyl 01:23:40: The Incredible True Story of the World's Worst Nuclear Disaster,￥307.884688
Art and Fear: Observations on the Perils (and Rewards) of Artmaking,￥416.827182
A Shard of Ice (The Black Symphony Saga #1),￥485.398382
A Hero's Curse (The Unseen Chronicles #1),￥432.769986
23 Degrees South: A Tropical Tale of Changing Whether...,￥306.770406
"Zero to One: Notes on Startups, or How to Build the Future",￥291.941884
Why Not Me?,￥152.228064
When Breath Becomes Air,￥337.370304
Vagabonding: An Uncommon Guide to the Art of Long-Term World Travel,￥316.627516
The Unlikely Pilgrimage of Harold Fry (Harold Fry #1),￥373.884468
The New Drawing on the Right Side of the Brain,￥368.741628
"The Midnight Assassin: Panic, Scandal, and the Hunt for America's First Serial Killer",￥243.856330
The Martian (The Martian #1),￥354.770246
The High Mountains of Portugal,￥438.427110
The Grownup,￥307.541832
The E-Myth Revisited: Why Most Small Businesses Don't Work and What to Do About It,￥316.370374
South of Sunshine,￥247.970602
Smarter Faster Better: The Secrets of Being Productive in Life and Business,￥333.341746
Silence in the Dark (Logan Point #4),￥499.969762
Shadows of the Past (Logan Point #1),￥340.027438
Roller Girl,￥120.856740
Rising Strong,￥187.027948
Proofs of God: Classical Arguments from Tertullian to Barth,￥464.655594
Please Kill Me: The Uncensored Oral History of Punk,￥267.341966
Out of Print: City Lights Spotlight No. 14,￥459.769896
My Life Next Door (My Life Next Door ),￥311.913246
Miller's Valley,￥501.769756
Man's Search for Meaning,￥252.684872
"Love That Boy: What Two Presidents, Eight Road Trips, and My Son Taught Me About a Parent's Expectations",￥214.799284
Living Forward: A Proven Plan to Stop Drifting and Get the Life You Want,￥107.571070
Les Fleurs du Mal,￥248.913456
Left Behind (Left Behind #1),￥349.027408
Kill 'Em and Leave: Searching for James Brown and the American Soul,￥386.141570
Kierkegaard: A Christian Missionary to Christians,￥403.970082
John Vassos: Industrial Design for Modern Life,￥173.313708
I'll Give You the Sun,￥484.112672
I Will Find You,￥378.941594
Hystopia: A Novel,￥188.227944
Howl and Other Poems,￥346.713130
History of Beauty,￥88.199706
Heaven is for Real: A Little Boy's Astounding Story of His Trip to Heaven and Back,￥453.084204
Future Shock (Future Shock #1),￥476.998410
Ender's Game (The Ender Quintet #1),￥374.055896
Diary of a Citizen Scientist: Chasing Tiger Beetles and Other New Ways of Engaging the World,￥243.513474
Death by Leisure: A Cautionary Tale,￥321.513214
Brilliant Beacons: A History of the American Lighthouse,￥98.142530
Brazen: The Courage to Find the You That's Been Hiding,￥164.742308
Between the World and Me,￥487.798374
Being Mortal: Medicine and What Matters in the End,￥471.941284
"A Murder Over a Girl: Justice, Gender, Junior High",￥113.142480
32 Yolks,￥459.684182
"""Most Blessed of the Patriarchs"": Thomas Jefferson and the Empire of the Imagination",￥381.255872
You Are a Badass: How to Stop Doubting Your Greatness and Start Living an Awesome Life,￥103.542512
Wildlife of New York: A Five-Borough Coloring Book,￥189.770796
What Happened on Beale Street (Secrets of the South Mysteries #2),￥217.456418
Unreasonable Hope: Finding Faith in the God Who Brings Purpose to Your Pain,￥397.112962
Under the Tuscan Sun,￥319.970362
Toddlers Are A**holes: It's Not Your Fault,￥218.999270
The Year of Living Biblically: One Man's Humble Quest to Follow the Bible as Literally as Possible,￥297.599008
The Whale,￥308.227544
The Story of Art,￥352.627396
The Origin of Species,￥85.799714
The Great Gatsby,￥308.998970
The Good Girl,￥420.255742
The Glass Castle,￥139.199536
The Faith of Christopher Hitchens: The Restless Soul of the World's Most Notorious Atheist,￥338.998870
The Drowning Girls,￥305.741838
The Constant Princess (The Tudor Court #1),￥142.456668
The Bourne Identity (Jason Bourne #1),￥366.684492
The Bachelor Girl's Guide to Murder (Herringford and Watts Mysteries #1),￥448.284220
The Art Book,￥277.199076
The 7 Habits of Highly Effective People: Powerful Lessons in Personal Change,￥284.313338
Team of Rivals: The Political Genius of Abraham Lincoln,￥172.456568
Steal Like an Artist: 10 Things Nobody Told You About Being Creative,￥179.142260
"Sit, Stay, Love",￥179.142260
Sister Dear,￥344.570280
"Shrunken Treasures: Literary Classics, Short, Sweet, and Silly",￥453.169918
"Rich Dad, Poor Dad",￥443.484236
Raymie Nightingale,￥294.941874
Playing from the Heart,￥277.541932
Nightstruck: A Novel,￥431.569990
"Naturally Lean: 125 Nourishing Gluten-Free, Plant-Based Recipes--All Under 300 Calories",￥97.542532
Meternity,￥373.541612
Memoirs of a Geisha,￥425.741438
Like Never Before (Walker Family #2),￥246.599178
Life of Pi,￥113.313908
Leave This Song Behind: Teen Poetry at Its Best,￥438.598538
King's Folly (The Kinsman Chronicles #1),￥339.513154
John Adams,￥492.255502
How to Cook Everything Vegetarian: Simple Meatless Recipes for Great Food (How to Cook Everything),￥394.370114
How to Be a Domestic Goddess: Baking and the Art of Comfort Cooking,￥242.142050
Good in Bed (Cannie Shapiro #1),￥317.570370
"Fruits Basket, Vol. 7 (Fruits Basket #7)",￥167.742298
For the Love: Fighting for Grace in a World of Impossible Standards,￥386.827282
Finding God in the Ruins: How God Redeems Pain,￥399.770096
Every Heart a Doorway (Every Heart A Doorway #1),￥104.228224
Delivering the Truth (Quaker Midwife Mystery #1),￥179.056546
Counted With the Stars (Out from Egypt #1),￥154.028058
"Chronicles, Vol. 1",￥450.855640
Blue Like Jazz: Nonreligious Thoughts on Christian Spirituality,￥220.884978
Benjamin Franklin: An American Life,￥413.055766
"At The Existentialist Café: Freedom, Being, and apricot cocktails with: Jean-Paul Sartre, Simone de Beauvoir, Albert Camus, Martin Heidegger, Edmund Husserl, Karl Jaspers, Maurice Merleau-Ponty and others",￥256.542002
A Summer In Europe,￥380.055876
A Short History of Nearly Everything,￥449.141360
A Gathering of Shadows (Shades of Magic #2),￥384.084434
The Sound Of Love,￥495.769776
The Rise and Fall of the Third Reich: A History of Nazi Germany,￥340.027438
The Perks of Being a Wallflower,￥471.598428
The Mysterious Affair at Styles (Hercule Poirot #1),￥212.570720
The Man Who Mistook His Wife for a Hat and Other Clinical Tales,￥509.569730
The Makings of a Fatherless Child,￥270.684812
The Joy of Cooking,￥370.884478
The Invention of Wings,￥320.056076
The Hobbit (Middle-Earth Universe),￥152.570920
The Great Railway Bazaar,￥261.770556
The Golden Compass (His Dark Materials #1),￥160.885178
The God Delusion,￥401.570090
The Girl You Left Behind (The Girl You Left Behind #1),￥135.342406
The Fellowship of the Ring (The Lord of the Rings #1),￥88.028278
The Collected Poems of W.B. Yeats (The Collected Works of W.B. Yeats #1),￥132.170988
The Barefoot Contessa Cookbook,￥513.598288
Tell the Wolves I'm Home,￥436.798544
Ship Leaves Harbor: Essays on Travel by a Recovering Journeyman,￥262.284840
Pride and Prejudice,￥165.170878
Musicophilia: Tales of Music and the Brain,￥399.255812
Mere Christianity,￥415.798614
Me Before You (Me Before You #1),￥163.028028
In the Woods (Dublin Murder Squad #1),￥328.970332
In Cold Blood,￥428.398572
How to Stop Worrying and Start Living,￥398.484386
Give It Back,￥157.028048
"Girl, Interrupted",￥361.198796
Fun Home: A Family Tragicomic,￥485.055526
"Fruits Basket, Vol. 6 (Fruits Basket #6)",￥179.656544
Deception Point,￥345.598848
"Death Note, Vol. 6: Give-and-Take (Death Note #6)",￥311.913246
Catherine the Great: Portrait of a Woman,￥501.855470
Better Homes and Gardens New Cook Book,￥339.513154
An Unquiet Mind: A Memoir of Moods and Madness,￥182.570820
A Year in Provence (Provence #1),￥487.541232
World Without End (The Pillars of the Earth #2),￥282.599058
"Will Grayson, Will Grayson (Will Grayson, Will Grayson)",￥405.512934
Why Save the Bankers?: And Other Essays on Our Economic and Political Crisis,￥417.170038
Where She Went (If I Stay #2),￥357.684522
What If?: Serious Scientific Answers to Absurd Hypothetical Questions,￥460.112752
Two Summers,￥125.485296
This Is Your Brain on Music: The Science of a Human Obsession,￥329.141760
The Secret Garden,￥129.256712
The Raven King (The Raven Cycle #4),￥262.027698
The Raven Boys (The Raven Cycle #1),￥494.912636
The Power Greens Cookbook: 140 Delicious Superfood Recipes,￥94.713970
The Metamorphosis,￥244.970612
The Mathews Men: Seven Brothers and the War Against Hitler's U-boats,￥367.798774
The Little Paris Bookshop,￥211.970722
The Hiding Place,￥479.226974
The Grand Design,￥117.942464
The Firm,￥390.512984
The Fault in Our Stars,￥404.741508
The False Prince (The Ascendance Trilogy #1),￥479.998400
The Expatriates,￥382.113012
The Dream Thieves (The Raven Cycle #2),￥295.713300
The Darkest Corners,￥97.113962
The Crossover,￥332.313178
The 5th Wave (The 5th Wave #1),￥101.399662
Tell the Wind and Fire,￥390.084414
Tell Me Three Things,￥358.370234
Talking to Girls About Duran Duran: One Young Man's Quest for True Love and a Cooler Haircut,￥215.570710
Siddhartha,￥293.313308
Shiver (The Wolves of Mercy Falls #1),￥139.113822
Remember Me?,￥98.399672
Red Dragon (Hannibal Lecter #1),￥200.313618
Peak: Secrets from the New Science of Expertise,￥139.542392
My Mother Was Nuts,￥271.113382
Mexican Today: New and Rediscovered Recipes for Contemporary Kitchens,￥213.513574
Maybe Something Beautiful: How Art Transformed a Neighborhood,￥193.199356
Lola and the Boy Next Door (Anna and the French Kiss #2),￥202.542182
Logan Kade (Fallen Crest High #5.5),￥112.456768
Last One Home (New Beginnings #1),￥514.112572
Killing Floor (Jack Reacher #1),￥269.913386
Kill the Boy Band,￥133.028128
Isla and the Happily Ever After (Anna and the French Kiss #3),￥412.541482
If I Stay (If I Stay #1),￥326.827482
I Know Why the Caged Bird Sings (Maya Angelou's Autobiography #1),￥313.284670
Harry Potter and the Deathly Hallows (Harry Potter #7),￥199.885048
"Fruits Basket, Vol. 5 (Fruits Basket #5)",￥139.970962
Foundation (Foundation (Publication Order) #1),￥277.884788
Fool Me Once,￥145.370944
Find Her (Detective D.D. Warren #8),￥191.742218
Evicted: Poverty and Profit in the American City,￥362.313078
Drama,￥331.713180
Dracula the Un-Dead,￥305.398982
Digital Fortress,￥497.141200
"Death Note, Vol. 5: Whiteout (Death Note #5)",￥449.227074
"Data, A Love Story: How I Gamed Online Dating to Meet My Match",￥277.284790
Critique of Pure Reason,￥177.856550
Booked,￥149.913786
"Blue Lily, Lily Blue (The Raven Cycle #3)",￥292.541882
Approval Junkie: Adventures in Caring Too Much,￥504.084034
An Abundance of Katherines,￥85.714000
America's War for the Greater Middle East: A Military History,￥439.027108
Alight (The Generations Trilogy #2),￥502.198326
A Girl's Guide to Moving On (New Beginnings #2),￥268.284820
A Game of Thrones (A Song of Ice and Fire #1),￥397.884388
A Feast for Crows (A Song of Ice and Fire #4),￥147.513794
A Clash of Kings (A Song of Ice and Fire #2),￥92.485406
Vogue Colors A to Z: A Fashion Coloring Book,￥448.712790
The Shining (The Shining #1),￥238.970632
The Pilgrim's Progress,￥430.798564
The Perfect Play (Play by Play #1),￥514.198286
The Passion of Dolssa,￥242.742048
The Jazz of Physics: The Secret Link Between Music and the Structure of the Universe,￥331.798894
The Hunger Games (The Hunger Games #1),￥255.856290
The Hound of the Baskervilles (Sherlock Holmes #5),￥127.028148
The Gunning of America: Business and the Making of American Gun Culture,￥144.085234
The Geography of Bliss: One Grump's Search for the Happiest Places in the World,￥241.970622
The Demonists (Demonist #1),￥446.655654
"The Demon Prince of Momochi House, Vol. 4 (The Demon Prince of Momochi House #4)",￥238.970632
The Bone Hunters (Lexy Vaughan & Steven Macaulay #2),￥511.798294
The Beast (Black Dagger Brotherhood #14),￥394.970112
Some Women,￥117.685322
Shopaholic Ties the Knot (Shopaholic #3),￥414.770046
Paper and Fire (The Great Library #2),￥423.855730
Outlander (Outlander #1),￥168.599438
"Orchestra of Exiles: The Story of Bronislaw Huberman, the Israel Philharmonic, and the One Thousand Jews He Saved from Nazi Horrors",￥105.942504
No One Here Gets Out Alive,￥171.599428
Night Shift (Night Shift #1-20),￥109.285350
Needful Things,￥407.227214
Mockingjay (The Hunger Games #3),￥175.199416
Misery,￥298.199006
Little Women (Little Women #1),￥240.599198
It,￥214.370714
Harry Potter and the Sorcerer's Stone (Harry Potter #1),￥119.142460
Harry Potter and the Prisoner of Azkaban (Harry Potter #3),￥207.170738
Harry Potter and the Order of the Phoenix (Harry Potter #5),￥271.113382
Harry Potter and the Half-Blood Prince (Harry Potter #6),￥417.855750
Harry Potter and the Chamber of Secrets (Harry Potter #2),￥126.342436
Gone with the Wind,￥278.484786
God Is Not Great: How Religion Poisons Everything,￥238.284920
Girl With a Pearl Earring,￥229.456378
"Fruits Basket, Vol. 4 (Fruits Basket #4)",￥432.341416
Far From True (Promise Falls Trilogy #2),￥299.399002
Dark Lover (Black Dagger Brotherhood #1),￥110.313918
Confessions of a Shopaholic (Shopaholic #1),￥419.484316
Changing the Game (Play by Play #2),￥114.685332
Candide,￥502.541182
Can You Keep a Secret?,￥188.056516
Atlas Shrugged,￥227.827812
Animal Farm,￥490.455508
A Walk to Remember,￥483.684102
A New Earth: Awakening to Your Life's Purpose,￥476.998410
"A History of God: The 4,000-Year Quest of Judaism, Christianity, and Islam",￥236.742068
'Salem's Lot,￥424.798584
Zero History (Blue Ant #3),￥298.027578
Wuthering Heights,￥151.970922
World War Z: An Oral History of the Zombie War,￥186.856520
Wild: From Lost to Found on the Pacific Crest Trail,￥394.455828
"Where'd You Go, Bernadette",￥155.399482
When You Are Engulfed in Flames,￥264.770546
We the People: The Modern-Day Figures Who Have Reshaped and Affirmed the Founding Fathers' Vision of America,￥273.856230
We Are All Completely Beside Ourselves,￥206.056456
Walk the Edge (Thunder Road #2),￥277.370504
Voyager (Outlander #3),￥180.599398
Very Good Lives: The Fringe Benefits of Failure and the Importance of Imagination,￥434.227124
Vegan Vegetarian Omnivore: Dinner for Everyone at the Table,￥117.085324
"Unstuffed: Decluttering Your Home, Mind, and Soul",￥497.912626
Under the Banner of Heaven: A Story of Violent Faith,￥257.142000
Two Boys Kissing,￥280.627636
Twilight (Twilight #1),￥359.398802
Twenties Girl,￥366.855920
"Trespassing Across America: One Man's Epic, Never-Done-Before (and Sort of Illegal) Hike Across the Heartland",￥458.655614
Three-Martini Lunch,￥198.942194
"Thinking, Fast and Slow",￥181.199396
The Wild Robot,￥480.598398
"The Wicked + The Divine, Vol. 3: Commercial Suicide (The Wicked + The Divine)",￥123.513874
The Undomestic Goddess,￥392.141550
The Travelers,￥135.170978
The Tipping Point: How Little Things Can Make a Big Difference,￥85.885428
The Thing About Jellyfish,￥418.027178
The Stand,￥495.941204
The Smitten Kitchen Cookbook,￥202.199326
The Silkworm (Cormoran Strike #2),￥197.570770
"The Sandman, Vol. 3: Dream Country (The Sandman (volumes) #3)",￥476.141270
The Rose & the Dagger (The Wrath and the Dawn #2),￥502.626896
The Road to Little Dribbling: Adventures of an American in Britain (Notes From a Small Island #2),￥198.942194
The Rise of Theodore Roosevelt (Theodore Roosevelt #1),￥364.884498
The Restaurant at the End of the Universe (Hitchhiker's Guide to the Galaxy #2),￥93.599688
The Rest Is Noise: Listening to the Twentieth Century,￥298.027578
The Red Tent,￥305.656124
The Purpose Driven Life: What on Earth Am I Here for?,￥318.770366
The Purest Hook (Second Circle Tattoos #3),￥104.999650
The Picture of Dorian Gray,￥254.570580
The Paris Wife,￥315.427520
The Obsession,￥389.398702
The Nightingale,￥225.084964
The New Guy (and Other Senior Year Distractions),￥385.027288
The Nanny Diaries (Nanny #1),￥450.255642
The Name of God is Mercy,￥319.284650
The Maze Runner (The Maze Runner #1),￥179.399402
The Lover's Dictionary,￥497.912626
The Lonely Ones,￥373.627326
The Lean Startup: How Today's Entrepreneurs Use Continuous Innovation to Create Radically Successful Businesses,￥290.741888
The Last Painting of Sara de Vos,￥476.141270
"The Land of 10,000 Madonnas",￥254.056296
The Infinities,￥234.942074
The Husband's Secret,￥450.084214
The Hitchhiker's Guide to the Galaxy (Hitchhiker's Guide to the Galaxy #1),￥409.712920
The Guns of August,￥124.628156
The Guernsey Literary and Potato Peel Pie Society,￥424.541442
The Goldfinch,￥373.541612
The Giver (The Giver Quartet #1),￥105.428220
The Girl with All the Gifts,￥424.027158
The Girl Who Played with Fire (Millennium Trilogy #2),￥189.770796
The Girl Who Kicked the Hornet's Nest (Millennium Trilogy #3),￥492.684072
The Exiled,￥372.427330
"The End of Faith: Religion, Terror, and the Future of Reason",￥189.685082
"The Elegant Universe: Superstrings, Hidden Dimensions, and the Quest for the Ultimate Theory",￥111.685342
"The Disappearing Spoon: And Other True Tales of Madness, Love, and the History of the World from the Periodic Table of the Elements",￥491.569790
The Devil Wears Prada (The Devil Wears Prada #1),￥379.627306
The Demon-Haunted World: Science as a Candle in the Dark,￥447.855650
The Day the Crayons Came Home (Crayons),￥225.684962
The Da Vinci Code (Robert Langdon #2),￥196.799344
The Cuckoo's Calling (Cormoran Strike #1),￥164.656594
The Complete Stories and Poems (The Works of Edgar Allan Poe [Cameo Edition]),￥229.542092
The Complete Poems,￥354.170248
The Catcher in the Rye,￥210.427870
The Cat in the Hat (Beginner Books B-1),￥139.370964
The Case for Christ (Cases for Christianity),￥410.055776
The Book Thief,￥458.484186
The Book of Basketball: The NBA According to The Sports Guy,￥384.341576
The Blind Side: Evolution of a Game,￥460.369894
The Autobiography of Malcolm X,￥200.827902
"The Art of Simple Food: Notes, Lessons, and Recipes from a Delicious Revolution",￥294.170448
The Art of Fielding,￥189.427940
"Surely You're Joking, Mr. Feynman!: Adventures of a Curious Character",￥221.399262
Stiff: The Curious Lives of Human Cadavers,￥314.913236
Spilled Milk: Based on a True Story,￥424.370014
Something Borrowed (Darcy & Rachel #1),￥419.655744
Something Blue (Darcy & Rachel #2),￥468.169868
Soldier (Talon #3),￥211.885008
Shopaholic & Baby (Shopaholic #5),￥398.141530
Seven Days in the Art World,￥448.541362
Seven Brief Lessons on Physics,￥262.284840
Scarlet (The Lunar Chronicles #2),￥124.885298
Sarah's Key,￥396.770106
"Saga, Volume 3 (Saga (Collected Editions) #3)",￥184.885098
Running with Scissors,￥110.656774
Rogue Lawyer (Rogue Lawyer #1),￥429.512854
"Rise of the Rocket Girls: The Women Who Propelled Us, from Missiles to the Moon to Mars",￥357.170238
Rework,￥384.684432
Reservations for Two,￥95.142540
Red: The True Story of Red Riding Hood,￥244.627756
Ready Player One,￥163.456598
Quiet: The Power of Introverts in a World That Can't Stop Talking,￥373.284470
Prodigy: The Graphic Novel (Legend: The Graphic Novel #2),￥373.970182
Persepolis: The Story of a Childhood (Persepolis #1-2),￥335.398882
Packing for Mars: The Curious Science of Life in the Void,￥485.826952
Outliers: The Story of Success,￥121.371024
Original Fake,￥269.570530
Orange Is the New Black,￥210.942154
One for the Money (Stephanie Plum #1),￥281.741918
Notes from a Small Island (Notes From a Small Island #1),￥344.313138
Night (The Night Trilogy #1),￥115.799614
Neither Here nor There: Travels in Europe,￥333.856030
Naked,￥271.627666
Morning Star (Red Rising #3),￥251.999160
"Miracles from Heaven: A Little Girl, Her Journey to Heaven, and Her Amazing Story of Healing",￥495.684062
Midnight Riot (Peter Grant/ Rivers of London - books #1),￥475.369844
Me Talk Pretty One Day,￥493.712640
Manuscript Found in Accra,￥299.827572
Lust & Wonder,￥101.742518
Lila (Gilead #3),￥106.885358
"Life, the Universe and Everything (Hitchhiker's Guide to the Galaxy #3)",￥285.084764
Life Without a Recipe,￥506.055456
Life After Life,￥223.970682
Letter to a Christian Nation,￥190.285080
Let's Pretend This Never Happened: A Mostly True Memoir,￥386.655854
Legend (Legend #1),￥374.484466
"Lean In: Women, Work, and the Will to Lead",￥214.456428
"Lamb: The Gospel According to Biff, Christ's Childhood Pal",￥475.712700
Lady Renegades (Rebel Belle #3),￥454.627056
Jurassic Park (Jurassic Park #1),￥385.455858
It's Never Too Late to Begin Again: Discovering Creativity and Meaning at Midlife and Beyond,￥363.255932
Is Everyone Hanging Out Without Me? (And Other Concerns),￥172.370854
Into the Wild,￥485.998380
Inferno (Robert Langdon #4),￥351.427400
"In the Garden of Beasts: Love, Terror, and an American Family in Hitler's Berlin",￥247.284890
If I Run (If I Run #1),￥428.312858
I've Got Your Number,￥168.770866
I Am Malala: The Girl Who Stood Up for Education and Was Shot by the Taliban,￥247.542032
Hungry Girl Clean & Hungry: Easy All-Natural Recipes for Healthy Eating in the Real World,￥284.056196
"House of Lost Worlds: Dinosaurs, Dynasties, and the Story of Life on Earth",￥374.570180
House of Leaves,￥470.484146
Horrible Bear!,￥321.598928
Holidays on Ice,￥437.741398
Heir to the Sky,￥377.741598
Green Eggs and Ham (Beginner Books B-16),￥92.485406
"Grayson, Vol 3: Nemesis (Grayson #3)",￥366.170208
Gratitude,￥228.513524
Gone Girl,￥322.284640
Golden (Heart of Dread #3),￥361.798794
Girl in the Blue Coat,￥401.398662
"Fruits Basket, Vol. 3 (Fruits Basket #3)",￥387.170138
"Friday Night Lights: A Town, a Team, and a Dream",￥439.027108
Fire Bound (Sea Haven/Sisters of the Heart #5),￥182.399392
Fifty Shades Freed (Fifty Shades #3),￥131.656704
Fellside,￥331.027468
Extreme Prey (Lucas Davenport #26),￥217.713560
Eragon (The Inheritance Cycle #1),￥376.027318
Eclipse (Twilight #3),￥160.628036
Dune (Dune #1),￥470.227004
Dracula,￥451.027068
Do Androids Dream of Electric Sheep? (Blade Runner #1),￥441.255672
Disrupted: My Misadventure in the Start-Up Bubble,￥130.970992
Dead Wake: The Last Crossing of the Lusitania,￥336.341736
"David and Goliath: Underdogs, Misfits, and the Art of Battling Giants",￥152.656634
Darkfever (Fever #1),￥480.169828
Dark Places,￥204.856460
Crazy Rich Asians (Crazy Rich Asians #1),￥421.112882
Counting Thyme,￥91.028268
Cosmos,￥310.027538
Civilization and Its Discontents,￥513.855430
Cinder (The Lunar Chronicles #1),￥223.627826
Catastrophic Happiness: Finding Joy in Childhood's Messy Years,￥320.141790
Career of Evil (Cormoran Strike #3),￥211.885008
Breaking Dawn (Twilight #4),￥302.398992
Brave Enough,￥439.884248
Boy Meets Boy,￥181.027968
"Born to Run: A Hidden Tribe, Superathletes, and the Greatest Race the World Has Never Seen",￥234.427790
Blink: The Power of Thinking Without Thinking,￥186.342236
Black Flags: The Rise of ISIS,￥350.313118
"Black Butler, Vol. 1 (Black Butler #1)",￥422.655734
Big Little Lies,￥189.513654
Between Shades of Gray,￥178.199406
Best of My Love (Fool's Gold #20),￥234.942074
Beowulf,￥328.713190
Beautiful Creatures (Caster Chronicles #1),￥184.713670
Awkward,￥325.884628
Ash,￥189.085084
Are We There Yet?,￥91.371124
Are We Smart Enough to Know How Smart Animals Are?,￥484.969812
Annie on My Mind,￥315.684662
And Then There Were None,￥300.084714
A Walk in the Woods: Rediscovering America on the Appalachian Trail,￥261.256272
A Visit from the Goon Squad,￥120.685312
A Storm of Swords (A Song of Ice and Fire #3),￥267.599108
A Heartbreaking Work of Staggering Genius,￥465.341306
8 Keys to Mental Health Through Exercise,￥266.056256
#GIRLBOSS,￥436.798544
"The Suffragettes (Little Black Classics, #96)",￥101.913946
The Sense of an Ending,￥268.970532
"The Sandman, Vol. 2: The Doll's House (The Sandman (volumes) #2)",￥469.798434
The Course of Love,￥143.828092
Sugar Rush (Offensive Line #2),￥209.313588
"Saga, Volume 2 (Saga (Collected Editions) #2)",￥100.713950
"Run, Spot, Run: The Ethics of Keeping Pets",￥171.599428
New Moon (Twilight #2),￥110.228204
Life,￥270.684812
Kindle Paperwhite User's Guide,￥291.427600
H is for Hawk,￥492.169788
Girl Online On Tour (Girl Online #2),￥458.312758
"Fruits Basket, Vol. 2 (Fruits Basket #2)",￥99.771096
Diary of a Minecraft Zombie Book 1: A Scare of a Dare (An Unofficial Minecraft Book),￥453.255632
"Y: The Last Man, Vol. 1: Unmanned (Y: The Last Man #1)",￥158.656614
While You Were Mine,￥354.170248
Where Lightning Strikes (Bleeding Stars #3),￥340.884578
When I'm Gone,￥445.369944
Ways of Seeing,￥338.656014
"Vampire Knight, Vol. 1 (Vampire Knight #1)",￥131.999560
Vampire Girl (Vampire Girl #1),￥461.312748
Twenty Love Poems and a Song of Despair,￥265.284830
Travels with Charley: In Search of America,￥495.598348
Three Wishes (River of Time: California #1),￥378.684452
This One Moment (Pushing Limits #1),￥417.512894
The Zombie Room,￥168.770866
"The Wicked + The Divine, Vol. 1: The Faust Act (The Wicked + The Divine)",￥313.027528
The Tumor,￥356.227384
The Story of Hong Gildong,￥370.198766
The Silent Wife,￥105.771076
The Silent Twin (Detective Jennifer Knight #3),￥310.713250
The Selfish Gene,￥252.427730
The Secret Healer,￥296.227584
"The Sandman, Vol. 1: Preludes and Nocturnes (The Sandman (volumes) #1)",￥463.884168
The Republic,￥289.541892
The Odyssey,￥254.056296
The No. 1 Ladies' Detective Agency (No. 1 Ladies' Detective Agency #1),￥494.569780
The Nicomachean Ethics,￥311.484676
The Name of the Wind (The Kingkiller Chronicle #1),￥433.627126
The Mirror & the Maze (The Wrath and the Dawn #1.5),￥251.827732
The Little Prince,￥389.312988
The Light of the Fireflies,￥466.541302
The Last Girl (The Dominion Trilogy #1),￥310.798964
The Iliad,￥138.513824
The Hook Up (Game On #1),￥311.056106
The Haters,￥239.056346
The Girl You Lost,￥105.342506
The Girl In The Ice (DCI Erika Foster #1),￥135.856690
The End of the Jesus Era (An Investigation #1),￥123.428160
The Edge of Reason (Bridget Jones #2),￥164.399452
The Complete Maus (Maus #1-2),￥91.199696
The Communist Manifesto,￥126.513864
The Bhagavad Gita,￥492.769786
The Bette Davis Club,￥262.799124
The Art of Not Breathing,￥349.970262
Taking Shots (Assassins #1),￥161.828032
Starlark,￥221.399262
"Skip Beat!, Vol. 01 (Skip Beat! #1)",￥361.027368
Sister Sable (The Mad Queen #1),￥114.256762
Shatter Me (Shatter Me #1),￥363.427360
Shameless,￥500.141190
Shadow Rites (Jane Yellowrock #10),￥186.170808
Settling the Score (The Summer Games #1),￥384.941574
Sense and Sensibility,￥321.084644
"Saga, Volume 1 (Saga (Collected Editions) #1)",￥244.113472
"Rhythm, Chord & Malykhin",￥242.913476
"Rat Queens, Vol. 1: Sass & Sorcery (Rat Queens (Collected Editions) #1-5)",￥402.512944
Paradise Lost (Paradise #1),￥213.942144
"Paper Girls, Vol. 1 (Paper Girls #1-5)",￥186.085094
"Ouran High School Host Club, Vol. 1 (Ouran High School Host Club #1)",￥256.027718
Origins (Alphas 0.5),￥248.484886
One Second (Seven #7),￥453.769916
On the Road (Duluoz Legend),￥277.370504
Old Records Never Die: One Man's Quest for His Vinyl and His Past,￥477.084124
Off Sides (Off #1),￥338.141730
Of Mice and Men,￥403.798654
Myriad (Prentor #1),￥503.569750
My Perfect Mistake (Over the Top #1),￥333.598888
"Ms. Marvel, Vol. 1: No Normal (Ms. Marvel (2014-2015) #1)",￥337.627446
Meditations,￥221.913546
Matilda,￥242.913476
Lost Among the Living,￥237.427780
Lord of the Flies,￥213.342146
Listen to Me (Fusion #1),￥505.626886
Kitchens of the Great Midwest,￥490.284080
Jane Eyre,￥329.398902
Imperfect Harmony,￥297.770436
Icing (Aces Hockey #2),￥346.627416
"Hawkeye, Vol. 1: My Life as a Weapon (Hawkeye #1)",￥387.770136
Having the Barbarian's Baby (Ice Planet Barbarians #7.5),￥299.656144
"Giant Days, Vol. 1 (Giant Days #1-4)",￥486.512664
"Fruits Basket, Vol. 1 (Fruits Basket #1)",￥345.255992
Frankenstein,￥325.713200
Forever Rockers (The Rocker #12),￥246.856320
Fighting Fate (Fighting #6),￥336.341736
Emma,￥282.256202
"Eat, Pray, Love",￥439.884248
Deep Under (Walker Security #1),￥403.627226
Choosing Our Religion: The Spiritual Lives of America's Nones,￥243.599188
Charlie and the Chocolate Factory (Charlie Bucket #1),￥195.856490
Charity's Cross (Charles Towne Belles #4),￥353.484536
Bright Lines,￥334.884598
Bridget Jones's Diary (Bridget Jones #1),￥255.599148
Bounty (Colorado Mountain #7),￥319.370364
Blood Defense (Samantha Brinkman #1),￥173.999420
"Bleach, Vol. 1: Strawberry and the Soul Reapers (Bleach #1)",￥296.999010
Beyond Good and Evil,￥371.827332
Alice in Wonderland (Alice's Adventures in Wonderland #1),￥475.969842
"Ajin: Demi-Human, Volume 1 (Ajin: Demi-Human #1)",￥489.084084
A Spy's Devotion (The Regency Spies of London #1),￥145.456658
1st to Die (Women's Murder Club #1),￥462.684172
"1,000 Places to See Before You Die",￥223.542112
